date,machine_name,region_id,sex,sdi,baseline_days,status,uid,death_date,was_na
2017-02-09,ETHOSCOPE_047,1,M,10,3,OK,1,2017-03-16,FALSE
2017-02-09,ETHOSCOPE_047,2,M,0,3,OK,2,2017-03-09,FALSE
2017-02-09,ETHOSCOPE_047,3,M,10,3,OK,3,2017-03-12,FALSE
2017-02-09,ETHOSCOPE_047,4,M,0,3,OK,4,2017-03-08,FALSE
2017-02-09,ETHOSCOPE_047,5,M,10,3,OK,5,2017-02-12,TRUE
2017-02-09,ETHOSCOPE_047,6,M,0,3,OK,6,2017-03-15,FALSE
2017-02-09,ETHOSCOPE_047,7,M,10,3,OK,7,2017-03-07,FALSE
2017-02-09,ETHOSCOPE_047,8,M,0,3,OK,8,2017-03-06,FALSE
2017-02-09,ETHOSCOPE_047,9,M,10,3,OK,9,2017-03-09,FALSE
2017-02-09,ETHOSCOPE_047,10,M,0,3,OK,10,2017-02-28,FALSE
2017-02-09,ETHOSCOPE_047,11,M,0,3,OK,11,2017-03-10,FALSE
2017-02-09,ETHOSCOPE_047,12,M,10,3,OK,12,2017-03-11,FALSE
2017-02-09,ETHOSCOPE_047,13,M,0,3,OK,13,2017-03-10,FALSE
2017-02-09,ETHOSCOPE_047,14,M,10,3,OK,14,2017-02-15,TRUE
2017-02-09,ETHOSCOPE_047,15,M,0,3,OK,15,2017-03-16,FALSE
2017-02-09,ETHOSCOPE_047,16,M,10,3,OK,16,2017-03-10,FALSE
2017-02-09,ETHOSCOPE_047,17,M,0,3,OK,17,2017-03-08,FALSE
2017-02-09,ETHOSCOPE_047,18,M,10,3,OK,18,2017-03-07,FALSE
2017-02-09,ETHOSCOPE_047,19,M,0,3,OK,19,2017-03-10,FALSE
2017-02-09,ETHOSCOPE_047,20,M,10,3,OK,20,2017-03-13,FALSE
2017-02-09,ETHOSCOPE_027,1,M,10,3,OK,21,2017-03-15,FALSE
2017-02-09,ETHOSCOPE_027,2,M,0,3,OK,22,2017-03-08,FALSE
2017-02-09,ETHOSCOPE_027,3,M,10,3,OK,23,2017-03-07,FALSE
2017-02-09,ETHOSCOPE_027,4,M,0,3,OK,24,2017-03-09,FALSE
2017-02-09,ETHOSCOPE_027,5,M,10,3,OK,25,2017-03-03,FALSE
2017-02-09,ETHOSCOPE_027,6,M,0,3,OK,26,2017-03-12,FALSE
2017-02-09,ETHOSCOPE_027,7,M,10,3,OK,27,2017-03-13,FALSE
2017-02-09,ETHOSCOPE_027,8,M,0,3,OK,28,2017-03-10,FALSE
2017-02-09,ETHOSCOPE_027,9,M,10,3,OK,29,2017-03-07,FALSE
2017-02-09,ETHOSCOPE_027,10,M,0,3,OK,30,2017-03-08,FALSE
2017-02-09,ETHOSCOPE_027,11,M,0,3,OK,31,2017-03-06,FALSE
2017-02-09,ETHOSCOPE_027,12,M,10,3,OK,32,2017-03-09,FALSE
2017-02-09,ETHOSCOPE_027,13,M,0,3,OK,33,2017-03-08,FALSE
2017-02-09,ETHOSCOPE_027,14,M,10,3,OK,34,2017-03-06,FALSE
2017-02-09,ETHOSCOPE_027,15,M,0,3,OK,35,2017-03-10,FALSE
2017-02-09,ETHOSCOPE_027,16,M,10,3,OK,36,2017-03-07,FALSE
2017-02-09,ETHOSCOPE_027,17,M,0,3,OK,37,2017-02-13,FALSE
2017-02-09,ETHOSCOPE_027,18,M,10,3,OK,38,2017-03-13,FALSE
2017-02-09,ETHOSCOPE_027,19,M,0,3,OK,39,2017-03-06,FALSE
2017-02-09,ETHOSCOPE_027,20,M,10,3,OK,40,2017-03-16,FALSE
2017-02-09,ETHOSCOPE_018,1,M,10,3,OK,41,2017-03-08,FALSE
2017-02-09,ETHOSCOPE_018,2,M,0,3,OK,42,2017-03-04,FALSE
2017-02-09,ETHOSCOPE_018,3,M,10,3,OK,43,2017-03-10,FALSE
2017-02-09,ETHOSCOPE_018,4,M,0,3,OK,44,2017-03-12,FALSE
2017-02-09,ETHOSCOPE_018,5,M,10,3,OK,45,2017-03-10,FALSE
2017-02-09,ETHOSCOPE_018,6,M,0,3,OK,46,2017-03-13,FALSE
2017-02-09,ETHOSCOPE_018,7,M,10,3,OK,47,2017-03-08,FALSE
2017-02-09,ETHOSCOPE_018,8,M,0,3,OK,48,2017-03-08,FALSE
2017-02-09,ETHOSCOPE_018,9,M,10,3,OK,49,2017-03-08,FALSE
2017-02-09,ETHOSCOPE_018,10,M,0,3,OK,50,2017-03-03,FALSE
2017-02-09,ETHOSCOPE_018,11,M,0,3,OK,51,2017-03-09,FALSE
2017-02-09,ETHOSCOPE_018,12,M,10,3,OK,52,Inf,TRUE
2017-02-09,ETHOSCOPE_018,13,M,0,3,OK,53,2017-03-11,FALSE
2017-02-09,ETHOSCOPE_018,14,M,10,3,OK,54,2017-03-07,FALSE
2017-02-09,ETHOSCOPE_018,15,M,0,3,OK,55,2017-03-07,FALSE
2017-02-09,ETHOSCOPE_018,16,M,10,3,OK,56,2017-03-10,FALSE
2017-02-09,ETHOSCOPE_018,17,M,0,3,OK,57,2017-03-17,FALSE
2017-02-09,ETHOSCOPE_018,18,M,10,3,OK,58,2017-03-15,FALSE
2017-02-09,ETHOSCOPE_018,19,M,0,3,OK,59,2017-02-22,TRUE
2017-02-09,ETHOSCOPE_018,20,M,10,3,OK,60,Inf,TRUE
2017-02-09,ETHOSCOPE_040,1,M,10,3,OK,61,Inf,TRUE
2017-02-09,ETHOSCOPE_040,2,M,0,3,OK,62,Inf,TRUE
2017-02-09,ETHOSCOPE_040,3,M,10,3,OK,63,Inf,TRUE
2017-02-09,ETHOSCOPE_040,4,M,0,3,OK,64,Inf,TRUE
2017-02-09,ETHOSCOPE_040,5,M,10,3,OK,65,Inf,TRUE
2017-02-09,ETHOSCOPE_040,6,M,0,3,OK,66,Inf,TRUE
2017-02-09,ETHOSCOPE_040,7,M,10,3,OK,67,Inf,TRUE
2017-02-09,ETHOSCOPE_040,8,M,0,3,OK,68,Inf,TRUE
2017-02-09,ETHOSCOPE_040,9,M,10,3,OK,69,Inf,TRUE
2017-02-09,ETHOSCOPE_040,10,M,0,3,OK,70,2017-02-17,TRUE
2017-02-09,ETHOSCOPE_040,11,M,0,3,OK,71,Inf,TRUE
2017-02-09,ETHOSCOPE_040,12,M,10,3,OK,72,Inf,TRUE
2017-02-09,ETHOSCOPE_040,13,M,0,3,OK,73,Inf,TRUE
2017-02-09,ETHOSCOPE_040,14,M,10,3,OK,74,Inf,TRUE
2017-02-09,ETHOSCOPE_040,15,M,0,3,OK,75,Inf,TRUE
2017-02-09,ETHOSCOPE_040,16,M,10,3,OK,76,Inf,TRUE
2017-02-09,ETHOSCOPE_040,17,M,0,3,OK,77,Inf,TRUE
2017-02-09,ETHOSCOPE_040,18,M,10,3,OK,78,Inf,TRUE
2017-02-09,ETHOSCOPE_040,19,M,0,3,OK,79,Inf,TRUE
2017-02-09,ETHOSCOPE_040,20,M,10,3,OK,80,Inf,TRUE
2017-02-09,ETHOSCOPE_052,1,F,10,3,OK,81,2017-03-06,FALSE
2017-02-09,ETHOSCOPE_052,2,F,0,3,OK,82,2017-03-08,FALSE
2017-02-09,ETHOSCOPE_052,3,F,10,3,OK,83,2017-02-16,FALSE
2017-02-09,ETHOSCOPE_052,4,F,0,3,OK,84,2017-03-15,FALSE
2017-02-09,ETHOSCOPE_052,5,F,10,3,OK,85,2017-03-04,FALSE
2017-02-09,ETHOSCOPE_052,6,F,0,3,OK,86,2017-03-15,FALSE
2017-02-09,ETHOSCOPE_052,7,F,10,3,OK,87,2017-03-07,FALSE
2017-02-09,ETHOSCOPE_052,8,F,0,3,OK,88,2017-03-07,FALSE
2017-02-09,ETHOSCOPE_052,9,F,10,3,OK,89,2017-03-11,FALSE
2017-02-09,ETHOSCOPE_052,10,F,0,3,OK,90,NA,TRUE
2017-02-09,ETHOSCOPE_052,11,F,0,3,OK,91,2017-03-11,FALSE
2017-02-09,ETHOSCOPE_052,12,F,10,3,OK,92,2017-03-09,FALSE
2017-02-09,ETHOSCOPE_052,13,F,0,3,OK,93,2017-03-08,FALSE
2017-02-09,ETHOSCOPE_052,14,F,10,3,OK,94,2017-03-10,FALSE
2017-02-09,ETHOSCOPE_052,15,F,0,3,OK,95,2017-03-04,FALSE
2017-02-09,ETHOSCOPE_052,16,F,10,3,OK,96,2017-03-04,FALSE
2017-02-09,ETHOSCOPE_052,17,F,0,3,OK,97,2017-03-15,FALSE
2017-02-09,ETHOSCOPE_052,18,F,10,3,OK,98,Inf,TRUE
2017-02-09,ETHOSCOPE_052,19,F,0,3,OK,99,2017-03-12,FALSE
2017-02-09,ETHOSCOPE_052,20,F,10,3,OK,100,2017-03-06,FALSE
2017-02-09,ETHOSCOPE_062,1,F,10,3,OK,101,2017-03-09,FALSE
2017-02-09,ETHOSCOPE_062,2,F,0,3,OK,102,2017-03-10,FALSE
2017-02-09,ETHOSCOPE_062,3,F,10,3,OK,103,2017-03-16,FALSE
2017-02-09,ETHOSCOPE_062,4,F,0,3,OK,104,2017-03-09,FALSE
2017-02-09,ETHOSCOPE_062,5,F,10,3,OK,105,2017-03-08,FALSE
2017-02-09,ETHOSCOPE_062,6,F,0,3,OK,106,2017-03-13,FALSE
2017-02-09,ETHOSCOPE_062,7,F,10,3,OK,107,2017-03-07,FALSE
2017-02-09,ETHOSCOPE_062,8,F,0,3,OK,108,2017-03-11,FALSE
2017-02-09,ETHOSCOPE_062,9,F,10,3,OK,109,2017-03-09,FALSE
2017-02-09,ETHOSCOPE_062,10,F,0,3,OK,110,2017-03-10,FALSE
2017-02-09,ETHOSCOPE_062,11,F,0,3,OK,111,2017-03-04,FALSE
2017-02-09,ETHOSCOPE_062,12,F,10,3,OK,112,2017-03-09,FALSE
2017-02-09,ETHOSCOPE_062,13,F,0,3,OK,113,2017-03-12,FALSE
2017-02-09,ETHOSCOPE_062,14,F,10,3,OK,114,2017-03-10,FALSE
2017-02-09,ETHOSCOPE_062,15,F,0,3,OK,115,2017-03-10,FALSE
2017-02-09,ETHOSCOPE_062,16,F,10,3,OK,116,2017-02-27,FALSE
2017-02-09,ETHOSCOPE_062,17,F,0,3,OK,117,2017-03-05,FALSE
2017-02-09,ETHOSCOPE_062,18,F,10,3,OK,118,2017-03-11,FALSE
2017-02-09,ETHOSCOPE_062,19,F,0,3,OK,119,2017-03-10,FALSE
2017-02-09,ETHOSCOPE_062,20,F,10,3,OK,120,2017-03-08,FALSE
2017-02-09,ETHOSCOPE_046,1,F,10,3,OK,121,2017-03-06,FALSE
2017-02-09,ETHOSCOPE_046,2,F,0,3,OK,122,2017-03-10,FALSE
2017-02-09,ETHOSCOPE_046,3,F,10,3,OK,123,2017-03-07,FALSE
2017-02-09,ETHOSCOPE_046,4,F,0,3,OK,124,2017-03-13,FALSE
2017-02-09,ETHOSCOPE_046,5,F,10,3,OK,125,2017-03-08,FALSE
2017-02-09,ETHOSCOPE_046,6,F,0,3,OK,126,2017-03-07,FALSE
2017-02-09,ETHOSCOPE_046,7,F,10,3,OK,127,2017-03-04,FALSE
2017-02-09,ETHOSCOPE_046,8,F,0,3,OK,128,2017-03-09,FALSE
2017-02-09,ETHOSCOPE_046,9,F,10,3,OK,129,2017-03-03,FALSE
2017-02-09,ETHOSCOPE_046,10,F,0,3,OK,130,2017-03-10,FALSE
2017-02-09,ETHOSCOPE_046,11,F,0,3,OK,131,2017-03-07,FALSE
2017-02-09,ETHOSCOPE_046,12,F,10,3,OK,132,2017-03-08,FALSE
2017-02-09,ETHOSCOPE_046,13,F,0,3,OK,133,2017-03-06,FALSE
2017-02-09,ETHOSCOPE_046,14,F,10,3,OK,134,2017-03-07,FALSE
2017-02-09,ETHOSCOPE_046,15,F,0,3,OK,135,2017-03-09,FALSE
2017-02-09,ETHOSCOPE_046,16,F,10,3,OK,136,2017-03-05,FALSE
2017-02-09,ETHOSCOPE_046,17,F,0,3,OK,137,2017-03-15,FALSE
2017-02-09,ETHOSCOPE_046,18,F,10,3,OK,138,2017-03-10,FALSE
2017-02-09,ETHOSCOPE_046,19,F,0,3,OK,139,2017-03-12,FALSE
2017-02-09,ETHOSCOPE_046,20,F,10,3,OK,140,2017-03-11,FALSE
2017-02-09,ETHOSCOPE_053,1,F,10,3,OK,141,2017-03-07,FALSE
2017-02-09,ETHOSCOPE_053,2,F,0,3,OK,142,2017-03-07,FALSE
2017-02-09,ETHOSCOPE_053,3,F,10,3,OK,143,2017-03-06,FALSE
2017-02-09,ETHOSCOPE_053,4,F,0,3,OK,144,2017-03-15,FALSE
2017-02-09,ETHOSCOPE_053,5,F,10,3,OK,145,2017-03-16,FALSE
2017-02-09,ETHOSCOPE_053,6,F,0,3,OK,146,2017-03-09,FALSE
2017-02-09,ETHOSCOPE_053,7,F,10,3,OK,147,2017-03-07,FALSE
2017-02-09,ETHOSCOPE_053,8,F,0,3,OK,148,2017-03-04,FALSE
2017-02-09,ETHOSCOPE_053,9,F,10,3,OK,149,2017-03-10,FALSE
2017-02-09,ETHOSCOPE_053,10,F,0,3,OK,150,2017-03-08,FALSE
2017-02-09,ETHOSCOPE_053,11,F,0,3,OK,151,2017-03-15,FALSE
2017-02-09,ETHOSCOPE_053,12,F,10,3,OK,152,2017-03-15,FALSE
2017-02-09,ETHOSCOPE_053,13,F,0,3,OK,153,2017-03-09,FALSE
2017-02-09,ETHOSCOPE_053,14,F,10,3,OK,154,2017-03-11,FALSE
2017-02-09,ETHOSCOPE_053,15,F,0,3,OK,155,2017-03-10,FALSE
2017-02-09,ETHOSCOPE_053,16,F,10,3,OK,156,2017-03-06,FALSE
2017-02-09,ETHOSCOPE_053,17,F,0,3,OK,157,2017-03-09,FALSE
2017-02-09,ETHOSCOPE_053,18,F,10,3,OK,158,2017-03-15,FALSE
2017-02-09,ETHOSCOPE_053,19,F,0,3,OK,159,2017-03-08,FALSE
2017-02-09,ETHOSCOPE_053,20,F,10,3,OK,160,2017-03-03,FALSE
2017-02-21,ETHOSCOPE_047,1,M,10,-9,OK,1,2017-03-16,FALSE
2017-02-21,ETHOSCOPE_047,2,M,0,-9,OK,2,2017-03-09,FALSE
2017-02-21,ETHOSCOPE_047,3,M,10,-9,OK,3,2017-03-12,FALSE
2017-02-21,ETHOSCOPE_047,4,M,0,-9,OK,4,2017-03-08,FALSE
2017-02-21,ETHOSCOPE_047,5,M,10,-9,OK,5,2017-02-12,TRUE
2017-02-21,ETHOSCOPE_047,6,M,0,-9,OK,6,2017-03-15,FALSE
2017-02-21,ETHOSCOPE_047,7,M,10,-9,OK,7,2017-03-07,FALSE
2017-02-21,ETHOSCOPE_047,8,M,0,-9,OK,8,2017-03-06,FALSE
2017-02-21,ETHOSCOPE_047,9,M,10,-9,OK,9,2017-03-09,FALSE
2017-02-21,ETHOSCOPE_047,10,M,0,-9,OK,10,2017-02-28,FALSE
2017-02-21,ETHOSCOPE_047,11,M,0,-9,OK,11,2017-03-10,FALSE
2017-02-21,ETHOSCOPE_047,12,M,10,-9,OK,12,2017-03-11,FALSE
2017-02-21,ETHOSCOPE_047,13,M,0,-9,OK,13,2017-03-10,FALSE
2017-02-21,ETHOSCOPE_047,14,M,10,-9,OK,14,2017-02-15,TRUE
2017-02-21,ETHOSCOPE_047,15,M,0,-9,OK,15,2017-03-16,FALSE
2017-02-21,ETHOSCOPE_047,16,M,10,-9,OK,16,2017-03-10,FALSE
2017-02-21,ETHOSCOPE_047,17,M,0,-9,OK,17,2017-03-08,FALSE
2017-02-21,ETHOSCOPE_047,18,M,10,-9,OK,18,2017-03-07,FALSE
2017-02-21,ETHOSCOPE_047,19,M,0,-9,OK,19,2017-03-10,FALSE
2017-02-21,ETHOSCOPE_047,20,M,10,-9,OK,20,2017-03-13,FALSE
2017-02-21,ETHOSCOPE_027,1,M,10,-9,OK,21,2017-03-15,FALSE
2017-02-21,ETHOSCOPE_027,2,M,0,-9,OK,22,2017-03-08,FALSE
2017-02-21,ETHOSCOPE_027,3,M,10,-9,OK,23,2017-03-07,FALSE
2017-02-21,ETHOSCOPE_027,4,M,0,-9,OK,24,2017-03-09,FALSE
2017-02-21,ETHOSCOPE_027,5,M,10,-9,OK,25,2017-03-03,FALSE
2017-02-21,ETHOSCOPE_027,6,M,0,-9,OK,26,2017-03-12,FALSE
2017-02-21,ETHOSCOPE_027,7,M,10,-9,OK,27,2017-03-13,FALSE
2017-02-21,ETHOSCOPE_027,8,M,0,-9,OK,28,2017-03-10,FALSE
2017-02-21,ETHOSCOPE_027,9,M,10,-9,OK,29,2017-03-07,FALSE
2017-02-21,ETHOSCOPE_027,10,M,0,-9,OK,30,2017-03-08,FALSE
2017-02-21,ETHOSCOPE_027,11,M,0,-9,OK,31,2017-03-06,FALSE
2017-02-21,ETHOSCOPE_027,12,M,10,-9,OK,32,2017-03-09,FALSE
2017-02-21,ETHOSCOPE_027,13,M,0,-9,OK,33,2017-03-08,FALSE
2017-02-21,ETHOSCOPE_027,14,M,10,-9,OK,34,2017-03-06,FALSE
2017-02-21,ETHOSCOPE_027,15,M,0,-9,OK,35,2017-03-10,FALSE
2017-02-21,ETHOSCOPE_027,16,M,10,-9,OK,36,2017-03-07,FALSE
2017-02-21,ETHOSCOPE_027,17,M,0,-9,OK,37,2017-02-13,FALSE
2017-02-21,ETHOSCOPE_027,18,M,10,-9,OK,38,2017-03-13,FALSE
2017-02-21,ETHOSCOPE_027,19,M,0,-9,OK,39,2017-03-06,FALSE
2017-02-21,ETHOSCOPE_027,20,M,10,-9,OK,40,2017-03-16,FALSE
2017-02-21,ETHOSCOPE_018,1,M,10,-9,OK,41,2017-03-08,FALSE
2017-02-21,ETHOSCOPE_018,2,M,0,-9,OK,42,2017-03-04,FALSE
2017-02-21,ETHOSCOPE_018,3,M,10,-9,OK,43,2017-03-10,FALSE
2017-02-21,ETHOSCOPE_018,4,M,0,-9,OK,44,2017-03-12,FALSE
2017-02-21,ETHOSCOPE_018,5,M,10,-9,OK,45,2017-03-10,FALSE
2017-02-21,ETHOSCOPE_018,6,M,0,-9,OK,46,2017-03-13,FALSE
2017-02-21,ETHOSCOPE_018,7,M,10,-9,OK,47,2017-03-08,FALSE
2017-02-21,ETHOSCOPE_018,8,M,0,-9,OK,48,2017-03-08,FALSE
2017-02-21,ETHOSCOPE_018,9,M,10,-9,OK,49,2017-03-08,FALSE
2017-02-21,ETHOSCOPE_018,10,M,0,-9,OK,50,2017-03-03,FALSE
2017-02-21,ETHOSCOPE_018,11,M,0,-9,OK,51,2017-03-09,FALSE
2017-02-21,ETHOSCOPE_018,12,M,10,-9,no_animal,52,NA,TRUE
2017-02-21,ETHOSCOPE_018,13,M,0,-9,OK,53,2017-03-11,FALSE
2017-02-21,ETHOSCOPE_018,14,M,10,-9,OK,54,2017-03-07,FALSE
2017-02-21,ETHOSCOPE_018,15,M,0,-9,OK,55,2017-03-07,FALSE
2017-02-21,ETHOSCOPE_018,16,M,10,-9,OK,56,2017-03-10,FALSE
2017-02-21,ETHOSCOPE_018,17,M,0,-9,OK,57,2017-03-17,FALSE
2017-02-21,ETHOSCOPE_018,18,M,10,-9,OK,58,2017-03-15,FALSE
2017-02-21,ETHOSCOPE_018,19,M,0,-9,OK,59,2017-02-22,TRUE
2017-02-21,ETHOSCOPE_018,20,M,10,-9,OK,60,Inf,TRUE
2017-02-21,ETHOSCOPE_040,1,M,10,-9,OK,61,Inf,TRUE
2017-02-21,ETHOSCOPE_040,2,M,0,-9,OK,62,Inf,TRUE
2017-02-21,ETHOSCOPE_040,3,M,10,-9,OK,63,Inf,TRUE
2017-02-21,ETHOSCOPE_040,4,M,0,-9,OK,64,Inf,TRUE
2017-02-21,ETHOSCOPE_040,5,M,10,-9,OK,65,Inf,TRUE
2017-02-21,ETHOSCOPE_040,6,M,0,-9,OK,66,Inf,TRUE
2017-02-21,ETHOSCOPE_040,7,M,10,-9,OK,67,Inf,TRUE
2017-02-21,ETHOSCOPE_040,8,M,0,-9,OK,68,Inf,TRUE
2017-02-21,ETHOSCOPE_040,9,M,10,-9,OK,69,Inf,TRUE
2017-02-21,ETHOSCOPE_040,10,M,0,-9,OK,70,2017-02-17,TRUE
2017-02-21,ETHOSCOPE_040,11,M,0,-9,OK,71,Inf,TRUE
2017-02-21,ETHOSCOPE_040,12,M,10,-9,OK,72,Inf,TRUE
2017-02-21,ETHOSCOPE_040,13,M,0,-9,OK,73,Inf,TRUE
2017-02-21,ETHOSCOPE_040,14,M,10,-9,OK,74,Inf,TRUE
2017-02-21,ETHOSCOPE_040,15,M,0,-9,OK,75,Inf,TRUE
2017-02-21,ETHOSCOPE_040,16,M,10,-9,OK,76,Inf,TRUE
2017-02-21,ETHOSCOPE_040,17,M,0,-9,OK,77,Inf,TRUE
2017-02-21,ETHOSCOPE_040,18,M,10,-9,OK,78,Inf,TRUE
2017-02-21,ETHOSCOPE_040,19,M,0,-9,OK,79,Inf,TRUE
2017-02-21,ETHOSCOPE_040,20,M,10,-9,OK,80,Inf,TRUE
2017-02-21,ETHOSCOPE_052,1,F,10,-9,OK,81,2017-03-06,FALSE
2017-02-21,ETHOSCOPE_052,2,F,0,-9,OK,82,2017-03-08,FALSE
2017-02-21,ETHOSCOPE_052,3,F,10,-9,OK,83,2017-02-16,FALSE
2017-02-21,ETHOSCOPE_052,4,F,0,-9,OK,84,2017-03-15,FALSE
2017-02-21,ETHOSCOPE_052,5,F,10,-9,OK,85,2017-03-04,FALSE
2017-02-21,ETHOSCOPE_052,6,F,0,-9,OK,86,2017-03-15,FALSE
2017-02-21,ETHOSCOPE_052,7,F,10,-9,OK,87,2017-03-07,FALSE
2017-02-21,ETHOSCOPE_052,8,F,0,-9,OK,88,2017-03-07,FALSE
2017-02-21,ETHOSCOPE_052,9,F,10,-9,OK,89,2017-03-11,FALSE
2017-02-21,ETHOSCOPE_052,10,F,0,-9,OK,90,NA,TRUE
2017-02-21,ETHOSCOPE_052,11,F,0,-9,OK,91,2017-03-11,FALSE
2017-02-21,ETHOSCOPE_052,12,F,10,-9,OK,92,2017-03-09,FALSE
2017-02-21,ETHOSCOPE_052,13,F,0,-9,OK,93,2017-03-08,FALSE
2017-02-21,ETHOSCOPE_052,14,F,10,-9,OK,94,2017-03-10,FALSE
2017-02-21,ETHOSCOPE_052,15,F,0,-9,OK,95,2017-03-04,FALSE
2017-02-21,ETHOSCOPE_052,16,F,10,-9,OK,96,2017-03-04,FALSE
2017-02-21,ETHOSCOPE_052,17,F,0,-9,OK,97,2017-03-15,FALSE
2017-02-21,ETHOSCOPE_052,18,F,10,-9,OK,98,Inf,TRUE
2017-02-21,ETHOSCOPE_052,19,F,0,-9,OK,99,2017-03-12,FALSE
2017-02-21,ETHOSCOPE_052,20,F,10,-9,OK,100,2017-03-06,FALSE
2017-02-21,ETHOSCOPE_062,1,F,10,-9,OK,101,2017-03-09,FALSE
2017-02-21,ETHOSCOPE_062,2,F,0,-9,OK,102,2017-03-10,FALSE
2017-02-21,ETHOSCOPE_062,3,F,10,-9,OK,103,2017-03-16,FALSE
2017-02-21,ETHOSCOPE_062,4,F,0,-9,OK,104,2017-03-09,FALSE
2017-02-21,ETHOSCOPE_062,5,F,10,-9,OK,105,2017-03-08,FALSE
2017-02-21,ETHOSCOPE_062,6,F,0,-9,OK,106,2017-03-13,FALSE
2017-02-21,ETHOSCOPE_062,7,F,10,-9,OK,107,2017-03-07,FALSE
2017-02-21,ETHOSCOPE_062,8,F,0,-9,OK,108,2017-03-11,FALSE
2017-02-21,ETHOSCOPE_062,9,F,10,-9,OK,109,2017-03-09,FALSE
2017-02-21,ETHOSCOPE_062,10,F,0,-9,OK,110,2017-03-10,FALSE
2017-02-21,ETHOSCOPE_062,11,F,0,-9,OK,111,2017-03-04,FALSE
2017-02-21,ETHOSCOPE_062,12,F,10,-9,OK,112,2017-03-09,FALSE
2017-02-21,ETHOSCOPE_062,13,F,0,-9,OK,113,2017-03-12,FALSE
2017-02-21,ETHOSCOPE_062,14,F,10,-9,OK,114,2017-03-10,FALSE
2017-02-21,ETHOSCOPE_062,15,F,0,-9,OK,115,2017-03-10,FALSE
2017-02-21,ETHOSCOPE_062,16,F,10,-9,OK,116,2017-02-27,FALSE
2017-02-21,ETHOSCOPE_062,17,F,0,-9,OK,117,2017-03-05,FALSE
2017-02-21,ETHOSCOPE_062,18,F,10,-9,OK,118,2017-03-11,FALSE
2017-02-21,ETHOSCOPE_062,19,F,0,-9,OK,119,2017-03-10,FALSE
2017-02-21,ETHOSCOPE_062,20,F,10,-9,OK,120,2017-03-08,FALSE
2017-02-21,ETHOSCOPE_046,1,F,10,-9,OK,121,2017-03-06,FALSE
2017-02-21,ETHOSCOPE_046,2,F,0,-9,OK,122,2017-03-10,FALSE
2017-02-21,ETHOSCOPE_046,3,F,10,-9,OK,123,2017-03-07,FALSE
2017-02-21,ETHOSCOPE_046,4,F,0,-9,OK,124,2017-03-13,FALSE
2017-02-21,ETHOSCOPE_046,5,F,10,-9,OK,125,2017-03-08,FALSE
2017-02-21,ETHOSCOPE_046,6,F,0,-9,OK,126,2017-03-07,FALSE
2017-02-21,ETHOSCOPE_046,7,F,10,-9,OK,127,2017-03-04,FALSE
2017-02-21,ETHOSCOPE_046,8,F,0,-9,OK,128,2017-03-09,FALSE
2017-02-21,ETHOSCOPE_046,9,F,10,-9,OK,129,2017-03-03,FALSE
2017-02-21,ETHOSCOPE_046,10,F,0,-9,OK,130,2017-03-10,FALSE
2017-02-21,ETHOSCOPE_046,11,F,0,-9,OK,131,2017-03-07,FALSE
2017-02-21,ETHOSCOPE_046,12,F,10,-9,OK,132,2017-03-08,FALSE
2017-02-21,ETHOSCOPE_046,13,F,0,-9,OK,133,2017-03-06,FALSE
2017-02-21,ETHOSCOPE_046,14,F,10,-9,OK,134,2017-03-07,FALSE
2017-02-21,ETHOSCOPE_046,15,F,0,-9,OK,135,2017-03-09,FALSE
2017-02-21,ETHOSCOPE_046,16,F,10,-9,OK,136,2017-03-05,FALSE
2017-02-21,ETHOSCOPE_046,17,F,0,-9,OK,137,2017-03-15,FALSE
2017-02-21,ETHOSCOPE_046,18,F,10,-9,OK,138,2017-03-10,FALSE
2017-02-21,ETHOSCOPE_046,19,F,0,-9,OK,139,2017-03-12,FALSE
2017-02-21,ETHOSCOPE_046,20,F,10,-9,OK,140,2017-03-11,FALSE
2017-02-21,ETHOSCOPE_053,1,F,10,-9,OK,141,2017-03-07,FALSE
2017-02-21,ETHOSCOPE_053,2,F,0,-9,OK,142,2017-03-07,FALSE
2017-02-21,ETHOSCOPE_053,3,F,10,-9,OK,143,2017-03-06,FALSE
2017-02-21,ETHOSCOPE_053,4,F,0,-9,OK,144,2017-03-15,FALSE
2017-02-21,ETHOSCOPE_053,5,F,10,-9,OK,145,2017-03-16,FALSE
2017-02-21,ETHOSCOPE_053,6,F,0,-9,OK,146,2017-03-09,FALSE
2017-02-21,ETHOSCOPE_053,7,F,10,-9,OK,147,2017-03-07,FALSE
2017-02-21,ETHOSCOPE_053,8,F,0,-9,OK,148,2017-03-04,FALSE
2017-02-21,ETHOSCOPE_053,9,F,10,-9,OK,149,2017-03-10,FALSE
2017-02-21,ETHOSCOPE_053,10,F,0,-9,OK,150,2017-03-08,FALSE
2017-02-21,ETHOSCOPE_053,11,F,0,-9,OK,151,2017-03-15,FALSE
2017-02-21,ETHOSCOPE_053,12,F,10,-9,OK,152,2017-03-15,FALSE
2017-02-21,ETHOSCOPE_053,13,F,0,-9,OK,153,2017-03-09,FALSE
2017-02-21,ETHOSCOPE_053,14,F,10,-9,OK,154,2017-03-11,FALSE
2017-02-21,ETHOSCOPE_053,15,F,0,-9,OK,155,2017-03-10,FALSE
2017-02-21,ETHOSCOPE_053,16,F,10,-9,OK,156,2017-03-06,FALSE
2017-02-21,ETHOSCOPE_053,17,F,0,-9,OK,157,2017-03-09,FALSE
2017-02-21,ETHOSCOPE_053,18,F,10,-9,OK,158,2017-03-15,FALSE
2017-02-21,ETHOSCOPE_053,19,F,0,-9,OK,159,2017-03-08,FALSE
2017-02-21,ETHOSCOPE_053,20,F,10,-9,OK,160,2017-03-03,FALSE
2017-03-01,ETHOSCOPE_047,1,M,10,3,OK,161,2017-03-23,FALSE
2017-03-01,ETHOSCOPE_047,2,M,0,3,OK,162,2017-04-03,FALSE
2017-03-01,ETHOSCOPE_047,3,M,10,3,OK,163,2017-04-01,FALSE
2017-03-01,ETHOSCOPE_047,4,M,0,3,OK,164,2017-03-28,FALSE
2017-03-01,ETHOSCOPE_047,5,M,10,3,OK,165,2017-03-07,FALSE
2017-03-01,ETHOSCOPE_047,6,M,0,3,OK,166,2017-03-31,FALSE
2017-03-01,ETHOSCOPE_047,7,M,10,3,OK,167,2017-03-31,FALSE
2017-03-01,ETHOSCOPE_047,8,M,0,3,OK,168,2017-04-03,FALSE
2017-03-01,ETHOSCOPE_047,9,M,10,3,OK,169,2017-03-26,FALSE
2017-03-01,ETHOSCOPE_047,10,M,0,3,OK,170,2017-04-03,FALSE
2017-03-01,ETHOSCOPE_047,11,M,0,3,OK,171,2017-04-03,FALSE
2017-03-01,ETHOSCOPE_047,12,M,10,3,OK,172,2017-04-07,FALSE
2017-03-01,ETHOSCOPE_047,13,M,0,3,OK,173,2017-03-31,FALSE
2017-03-01,ETHOSCOPE_047,14,M,10,3,OK,174,2017-04-06,FALSE
2017-03-01,ETHOSCOPE_047,15,M,0,3,OK,175,2017-03-31,FALSE
2017-03-01,ETHOSCOPE_047,16,M,10,3,OK,176,2017-03-26,FALSE
2017-03-01,ETHOSCOPE_047,17,M,0,3,OK,177,2017-03-28,FALSE
2017-03-01,ETHOSCOPE_047,18,M,10,3,OK,178,2017-03-28,FALSE
2017-03-01,ETHOSCOPE_047,19,M,0,3,OK,179,2017-03-16,FALSE
2017-03-01,ETHOSCOPE_047,20,M,10,3,OK,180,2017-04-01,FALSE
2017-03-01,ETHOSCOPE_027,1,M,10,3,OK,181,2017-03-31,FALSE
2017-03-01,ETHOSCOPE_027,2,M,0,3,OK,182,2017-04-02,FALSE
2017-03-01,ETHOSCOPE_027,3,M,10,3,OK,183,2017-04-01,FALSE
2017-03-01,ETHOSCOPE_027,4,M,0,3,OK,184,2017-04-02,FALSE
2017-03-01,ETHOSCOPE_027,5,M,10,3,OK,185,2017-04-08,FALSE
2017-03-01,ETHOSCOPE_027,6,M,0,3,OK,186,2017-04-02,FALSE
2017-03-01,ETHOSCOPE_027,7,M,10,3,OK,187,2017-04-06,FALSE
2017-03-01,ETHOSCOPE_027,8,M,0,3,OK,188,2017-03-16,FALSE
2017-03-01,ETHOSCOPE_027,9,M,10,3,OK,189,2017-03-29,FALSE
2017-03-01,ETHOSCOPE_027,10,M,0,3,OK,190,2017-03-18,FALSE
2017-03-01,ETHOSCOPE_027,11,M,0,3,OK,191,2017-04-01,FALSE
2017-03-01,ETHOSCOPE_027,12,M,10,3,OK,192,2017-04-02,FALSE
2017-03-01,ETHOSCOPE_027,13,M,0,3,OK,193,2017-04-02,FALSE
2017-03-01,ETHOSCOPE_027,14,M,10,3,OK,194,2017-04-03,FALSE
2017-03-01,ETHOSCOPE_027,15,M,0,3,OK,195,2017-03-30,FALSE
2017-03-01,ETHOSCOPE_027,16,M,10,3,OK,196,2017-03-31,FALSE
2017-03-01,ETHOSCOPE_027,17,M,0,3,OK,197,2017-04-02,FALSE
2017-03-01,ETHOSCOPE_027,18,M,10,3,OK,198,2017-03-30,FALSE
2017-03-01,ETHOSCOPE_027,19,M,0,3,OK,199,2017-04-02,FALSE
2017-03-01,ETHOSCOPE_027,20,M,10,3,OK,200,2017-04-02,FALSE
2017-03-01,ETHOSCOPE_018,1,M,10,3,OK,201,2017-03-24,FALSE
2017-03-01,ETHOSCOPE_018,2,M,0,3,OK,202,2017-04-01,FALSE
2017-03-01,ETHOSCOPE_018,3,M,10,3,OK,203,2017-04-04,FALSE
2017-03-01,ETHOSCOPE_018,4,M,0,3,OK,204,2017-04-02,FALSE
2017-03-01,ETHOSCOPE_018,5,M,10,3,OK,205,2017-03-30,FALSE
2017-03-01,ETHOSCOPE_018,6,M,0,3,OK,206,2017-03-28,FALSE
2017-03-01,ETHOSCOPE_018,7,M,10,3,OK,207,2017-04-02,FALSE
2017-03-01,ETHOSCOPE_018,8,M,0,3,OK,208,2017-03-29,FALSE
2017-03-01,ETHOSCOPE_018,9,M,10,3,OK,209,2017-04-02,FALSE
2017-03-01,ETHOSCOPE_018,10,M,0,3,OK,210,2017-04-02,FALSE
2017-03-01,ETHOSCOPE_018,11,M,0,3,OK,211,2017-04-06,FALSE
2017-03-01,ETHOSCOPE_018,12,M,10,3,OK,212,2017-04-02,FALSE
2017-03-01,ETHOSCOPE_018,13,M,0,3,OK,213,2017-03-26,FALSE
2017-03-01,ETHOSCOPE_018,14,M,10,3,OK,214,2017-03-23,FALSE
2017-03-01,ETHOSCOPE_018,15,M,0,3,OK,215,2017-03-27,FALSE
2017-03-01,ETHOSCOPE_018,16,M,10,3,OK,216,2017-03-26,FALSE
2017-03-01,ETHOSCOPE_018,17,M,0,3,OK,217,2017-03-31,FALSE
2017-03-01,ETHOSCOPE_018,18,M,10,3,OK,218,2017-04-02,FALSE
2017-03-01,ETHOSCOPE_018,19,M,0,3,OK,219,2017-04-02,FALSE
2017-03-01,ETHOSCOPE_018,20,M,10,3,OK,220,2017-04-07,FALSE
2017-03-01,ETHOSCOPE_040,1,M,10,3,OK,221,2017-03-31,FALSE
2017-03-01,ETHOSCOPE_040,2,M,0,3,OK,222,2017-03-28,FALSE
2017-03-01,ETHOSCOPE_040,3,M,10,3,OK,223,2017-03-22,FALSE
2017-03-01,ETHOSCOPE_040,4,M,0,3,OK,224,2017-03-31,FALSE
2017-03-01,ETHOSCOPE_040,5,M,10,3,OK,225,2017-04-06,FALSE
2017-03-01,ETHOSCOPE_040,6,M,0,3,OK,226,2017-04-03,FALSE
2017-03-01,ETHOSCOPE_040,7,M,10,3,OK,227,2017-04-03,FALSE
2017-03-01,ETHOSCOPE_040,8,M,0,3,OK,228,2017-04-01,FALSE
2017-03-01,ETHOSCOPE_040,9,M,10,3,OK,229,2017-03-27,FALSE
2017-03-01,ETHOSCOPE_040,10,M,0,3,OK,230,2017-03-29,FALSE
2017-03-01,ETHOSCOPE_040,11,M,0,3,OK,231,2017-03-18,FALSE
2017-03-01,ETHOSCOPE_040,12,M,10,3,OK,232,2017-03-29,FALSE
2017-03-01,ETHOSCOPE_040,13,M,0,3,OK,233,2017-04-02,FALSE
2017-03-01,ETHOSCOPE_040,14,M,10,3,OK,234,2017-03-29,FALSE
2017-03-01,ETHOSCOPE_040,15,M,0,3,OK,235,2017-04-07,FALSE
2017-03-01,ETHOSCOPE_040,16,M,10,3,OK,236,2017-03-29,FALSE
2017-03-01,ETHOSCOPE_040,17,M,0,3,OK,237,2017-03-07,FALSE
2017-03-01,ETHOSCOPE_040,18,M,10,3,OK,238,2017-03-27,FALSE
2017-03-01,ETHOSCOPE_040,19,M,0,3,OK,239,2017-04-07,FALSE
2017-03-01,ETHOSCOPE_040,20,M,10,3,OK,240,2017-04-01,FALSE
2017-03-01,ETHOSCOPE_052,1,F,10,3,OK,241,2017-04-02,FALSE
2017-03-01,ETHOSCOPE_052,2,F,0,3,OK,242,2017-04-04,FALSE
2017-03-01,ETHOSCOPE_052,3,F,10,3,OK,243,2017-04-02,FALSE
2017-03-01,ETHOSCOPE_052,4,F,0,3,OK,244,2017-03-09,FALSE
2017-03-01,ETHOSCOPE_052,5,F,10,3,OK,245,2017-04-03,FALSE
2017-03-01,ETHOSCOPE_052,6,F,0,3,OK,246,2017-04-04,FALSE
2017-03-01,ETHOSCOPE_052,7,F,10,3,OK,247,2017-04-02,FALSE
2017-03-01,ETHOSCOPE_052,8,F,0,3,OK,248,2017-04-01,FALSE
2017-03-01,ETHOSCOPE_052,9,F,10,3,OK,249,2017-03-12,FALSE
2017-03-01,ETHOSCOPE_052,10,F,0,3,OK,250,2017-04-04,FALSE
2017-03-01,ETHOSCOPE_052,11,F,0,3,OK,251,2017-04-04,FALSE
2017-03-01,ETHOSCOPE_052,12,F,10,3,OK,252,2017-04-06,FALSE
2017-03-01,ETHOSCOPE_052,13,F,0,3,OK,253,2017-03-31,FALSE
2017-03-01,ETHOSCOPE_052,14,F,10,3,OK,254,2017-04-01,FALSE
2017-03-01,ETHOSCOPE_052,15,F,0,3,OK,255,2017-03-07,FALSE
2017-03-01,ETHOSCOPE_052,16,F,10,3,OK,256,2017-03-27,FALSE
2017-03-01,ETHOSCOPE_052,17,F,0,3,OK,257,2017-03-29,FALSE
2017-03-01,ETHOSCOPE_052,18,F,10,3,OK,258,2017-04-03,FALSE
2017-03-01,ETHOSCOPE_052,19,F,0,3,OK,259,2017-04-01,FALSE
2017-03-01,ETHOSCOPE_052,20,F,10,3,OK,260,2017-03-24,FALSE
2017-03-01,ETHOSCOPE_062,1,F,10,3,OK,261,2017-04-06,FALSE
2017-03-01,ETHOSCOPE_062,2,F,0,3,OK,262,2017-04-01,FALSE
2017-03-01,ETHOSCOPE_062,3,F,10,3,OK,263,2017-04-03,FALSE
2017-03-01,ETHOSCOPE_062,4,F,0,3,OK,264,2017-03-28,FALSE
2017-03-01,ETHOSCOPE_062,5,F,10,3,OK,265,2017-03-31,FALSE
2017-03-01,ETHOSCOPE_062,6,F,0,3,OK,266,2017-03-30,FALSE
2017-03-01,ETHOSCOPE_062,7,F,10,3,OK,267,2017-04-04,FALSE
2017-03-01,ETHOSCOPE_062,8,F,0,3,OK,268,2017-04-03,FALSE
2017-03-01,ETHOSCOPE_062,9,F,10,3,OK,269,2017-03-07,FALSE
2017-03-01,ETHOSCOPE_062,10,F,0,3,OK,270,2017-03-22,FALSE
2017-03-01,ETHOSCOPE_062,11,F,0,3,OK,271,2017-03-29,FALSE
2017-03-01,ETHOSCOPE_062,12,F,10,3,OK,272,2017-04-03,FALSE
2017-03-01,ETHOSCOPE_062,13,F,0,3,OK,273,2017-03-29,FALSE
2017-03-01,ETHOSCOPE_062,14,F,10,3,OK,274,2017-04-01,FALSE
2017-03-01,ETHOSCOPE_062,15,F,0,3,OK,275,2017-04-02,FALSE
2017-03-01,ETHOSCOPE_062,16,F,10,3,OK,276,2017-03-14,FALSE
2017-03-01,ETHOSCOPE_062,17,F,0,3,OK,277,2017-04-02,FALSE
2017-03-01,ETHOSCOPE_062,18,F,10,3,OK,278,2017-04-03,FALSE
2017-03-01,ETHOSCOPE_062,19,F,0,3,OK,279,2017-04-03,FALSE
2017-03-01,ETHOSCOPE_062,20,F,10,3,OK,280,2017-03-31,FALSE
2017-03-01,ETHOSCOPE_046,1,F,10,3,OK,281,2017-04-04,FALSE
2017-03-01,ETHOSCOPE_046,2,F,0,3,OK,282,2017-04-03,FALSE
2017-03-01,ETHOSCOPE_046,3,F,10,3,OK,283,2017-04-02,FALSE
2017-03-01,ETHOSCOPE_046,4,F,0,3,OK,284,2017-03-26,FALSE
2017-03-01,ETHOSCOPE_046,5,F,10,3,OK,285,2017-03-09,FALSE
2017-03-01,ETHOSCOPE_046,6,F,0,3,OK,286,2017-04-06,FALSE
2017-03-01,ETHOSCOPE_046,7,F,10,3,OK,287,2017-04-03,FALSE
2017-03-01,ETHOSCOPE_046,8,F,0,3,OK,288,2017-03-15,FALSE
2017-03-01,ETHOSCOPE_046,9,F,10,3,OK,289,2017-04-03,FALSE
2017-03-01,ETHOSCOPE_046,10,F,0,3,OK,290,2017-04-02,FALSE
2017-03-01,ETHOSCOPE_046,11,F,0,3,OK,291,2017-04-02,FALSE
2017-03-01,ETHOSCOPE_046,12,F,10,3,OK,292,2017-03-26,FALSE
2017-03-01,ETHOSCOPE_046,13,F,0,3,OK,293,2017-04-07,FALSE
2017-03-01,ETHOSCOPE_046,14,F,10,3,OK,294,2017-04-03,FALSE
2017-03-01,ETHOSCOPE_046,15,F,0,3,OK,295,2017-04-08,FALSE
2017-03-01,ETHOSCOPE_046,16,F,10,3,OK,296,2017-03-24,FALSE
2017-03-01,ETHOSCOPE_046,17,F,0,3,OK,297,2017-03-31,FALSE
2017-03-01,ETHOSCOPE_046,18,F,10,3,OK,298,2017-03-18,FALSE
2017-03-01,ETHOSCOPE_046,19,F,0,3,OK,299,2017-03-28,FALSE
2017-03-01,ETHOSCOPE_046,20,F,10,3,OK,300,2017-03-07,FALSE
2017-03-01,ETHOSCOPE_053,1,F,10,3,OK,301,2017-04-02,FALSE
2017-03-01,ETHOSCOPE_053,2,F,0,3,OK,302,2017-04-03,FALSE
2017-03-01,ETHOSCOPE_053,3,F,10,3,OK,303,2017-03-31,FALSE
2017-03-01,ETHOSCOPE_053,4,F,0,3,OK,304,2017-04-03,FALSE
2017-03-01,ETHOSCOPE_053,5,F,10,3,OK,305,2017-04-03,FALSE
2017-03-01,ETHOSCOPE_053,6,F,0,3,OK,306,2017-03-30,FALSE
2017-03-01,ETHOSCOPE_053,7,F,10,3,OK,307,2017-03-31,FALSE
2017-03-01,ETHOSCOPE_053,8,F,0,3,OK,308,2017-03-22,FALSE
2017-03-01,ETHOSCOPE_053,9,F,10,3,OK,309,2017-04-01,FALSE
2017-03-01,ETHOSCOPE_053,10,F,0,3,OK,310,2017-03-27,FALSE
2017-03-01,ETHOSCOPE_053,11,F,0,3,OK,311,2017-04-03,FALSE
2017-03-01,ETHOSCOPE_053,12,F,10,3,OK,312,2017-04-04,FALSE
2017-03-01,ETHOSCOPE_053,13,F,0,3,OK,313,2017-03-26,FALSE
2017-03-01,ETHOSCOPE_053,14,F,10,3,OK,314,2017-03-21,FALSE
2017-03-01,ETHOSCOPE_053,15,F,0,3,OK,315,2017-04-03,FALSE
2017-03-01,ETHOSCOPE_053,16,F,10,3,OK,316,2017-03-27,FALSE
2017-03-01,ETHOSCOPE_053,17,F,0,3,OK,317,2017-03-20,FALSE
2017-03-01,ETHOSCOPE_053,18,F,10,3,OK,318,2017-04-02,FALSE
2017-03-01,ETHOSCOPE_053,19,F,0,3,OK,319,2017-04-02,FALSE
2017-03-01,ETHOSCOPE_053,20,F,10,3,OK,320,2017-04-03,FALSE
2017-05-08,ETHOSCOPE_047,1,F,10,3,OK,321,Inf,FALSE
2017-05-08,ETHOSCOPE_047,2,F,0,3,OK,322,Inf,FALSE
2017-05-08,ETHOSCOPE_047,3,F,10,3,OK,323,Inf,FALSE
2017-05-08,ETHOSCOPE_047,4,F,0,3,OK,324,Inf,FALSE
2017-05-08,ETHOSCOPE_047,5,F,10,3,OK,325,Inf,FALSE
2017-05-08,ETHOSCOPE_047,6,F,0,3,OK,326,Inf,FALSE
2017-05-08,ETHOSCOPE_047,7,F,10,3,OK,327,Inf,FALSE
2017-05-08,ETHOSCOPE_047,8,F,0,3,OK,328,Inf,FALSE
2017-05-08,ETHOSCOPE_047,9,F,10,3,OK,329,Inf,FALSE
2017-05-08,ETHOSCOPE_047,10,F,0,3,OK,330,Inf,FALSE
2017-05-08,ETHOSCOPE_047,11,F,0,3,OK,331,Inf,FALSE
2017-05-08,ETHOSCOPE_047,12,F,10,3,OK,332,Inf,FALSE
2017-05-08,ETHOSCOPE_047,13,F,0,3,OK,333,Inf,FALSE
2017-05-08,ETHOSCOPE_047,14,F,10,3,OK,334,Inf,FALSE
2017-05-08,ETHOSCOPE_047,15,F,0,3,OK,335,Inf,FALSE
2017-05-08,ETHOSCOPE_047,16,F,10,3,OK,336,Inf,FALSE
2017-05-08,ETHOSCOPE_047,17,F,0,3,OK,337,Inf,FALSE
2017-05-08,ETHOSCOPE_047,18,F,10,3,OK,338,Inf,FALSE
2017-05-08,ETHOSCOPE_047,19,F,0,3,OK,339,Inf,FALSE
2017-05-08,ETHOSCOPE_047,20,F,10,3,OK,340,Inf,FALSE
2017-05-08,ETHOSCOPE_027,1,M,10,3,OK,341,Inf,FALSE
2017-05-08,ETHOSCOPE_027,2,M,0,3,OK,342,2017-05-18,FALSE
2017-05-08,ETHOSCOPE_027,3,M,10,3,OK,343,Inf,FALSE
2017-05-08,ETHOSCOPE_027,4,M,0,3,OK,344,Inf,FALSE
2017-05-08,ETHOSCOPE_027,5,M,10,3,OK,345,Inf,FALSE
2017-05-08,ETHOSCOPE_027,6,M,0,3,OK,346,Inf,FALSE
2017-05-08,ETHOSCOPE_027,7,M,10,3,OK,347,Inf,FALSE
2017-05-08,ETHOSCOPE_027,8,M,0,3,OK,348,Inf,FALSE
2017-05-08,ETHOSCOPE_027,9,M,10,3,OK,349,Inf,FALSE
2017-05-08,ETHOSCOPE_027,10,M,0,3,OK,350,Inf,FALSE
2017-05-08,ETHOSCOPE_027,11,M,0,3,OK,351,Inf,FALSE
2017-05-08,ETHOSCOPE_027,12,M,10,3,OK,352,Inf,FALSE
2017-05-08,ETHOSCOPE_027,13,M,0,3,OK,353,Inf,FALSE
2017-05-08,ETHOSCOPE_027,14,M,10,3,OK,354,2017-05-11,FALSE
2017-05-08,ETHOSCOPE_027,15,M,0,3,OK,355,Inf,FALSE
2017-05-08,ETHOSCOPE_027,16,M,10,3,OK,356,Inf,FALSE
2017-05-08,ETHOSCOPE_027,17,M,0,3,OK,357,Inf,FALSE
2017-05-08,ETHOSCOPE_027,18,M,10,3,OK,358,Inf,FALSE
2017-05-08,ETHOSCOPE_027,19,M,0,3,OK,359,Inf,FALSE
2017-05-08,ETHOSCOPE_027,20,M,10,3,OK,360,Inf,FALSE
2017-05-08,ETHOSCOPE_018,1,M,10,3,LL,361,Inf,FALSE
2017-05-08,ETHOSCOPE_018,2,M,0,3,LL,362,Inf,FALSE
2017-05-08,ETHOSCOPE_018,3,M,10,3,LL,363,Inf,FALSE
2017-05-08,ETHOSCOPE_018,4,M,0,3,LL,364,Inf,FALSE
2017-05-08,ETHOSCOPE_018,5,M,10,3,LL,365,Inf,FALSE
2017-05-08,ETHOSCOPE_018,6,M,0,3,LL,366,Inf,FALSE
2017-05-08,ETHOSCOPE_018,7,M,10,3,LL,367,Inf,FALSE
2017-05-08,ETHOSCOPE_018,8,M,0,3,LL,368,Inf,FALSE
2017-05-08,ETHOSCOPE_018,9,M,10,3,LL,369,Inf,FALSE
2017-05-08,ETHOSCOPE_018,10,M,0,3,LL,370,Inf,FALSE
2017-05-08,ETHOSCOPE_018,11,M,0,3,LL,371,Inf,FALSE
2017-05-08,ETHOSCOPE_018,12,M,10,3,LL,372,Inf,FALSE
2017-05-08,ETHOSCOPE_018,13,M,0,3,LL,373,Inf,FALSE
2017-05-08,ETHOSCOPE_018,14,M,10,3,LL,374,Inf,FALSE
2017-05-08,ETHOSCOPE_018,15,M,0,3,LL,375,Inf,FALSE
2017-05-08,ETHOSCOPE_018,16,M,10,3,LL,376,Inf,FALSE
2017-05-08,ETHOSCOPE_018,17,M,0,3,LL,377,Inf,FALSE
2017-05-08,ETHOSCOPE_018,18,M,10,3,LL,378,Inf,FALSE
2017-05-08,ETHOSCOPE_018,19,M,0,3,LL,379,Inf,FALSE
2017-05-08,ETHOSCOPE_018,20,M,10,3,LL,380,Inf,FALSE
2017-05-08,ETHOSCOPE_040,1,F,10,3,LL,381,Inf,FALSE
2017-05-08,ETHOSCOPE_040,2,F,0,3,LL,382,Inf,FALSE
2017-05-08,ETHOSCOPE_040,3,F,10,3,LL,383,Inf,FALSE
2017-05-08,ETHOSCOPE_040,4,F,0,3,LL,384,Inf,FALSE
2017-05-08,ETHOSCOPE_040,5,F,10,3,LL,385,Inf,FALSE
2017-05-08,ETHOSCOPE_040,6,F,0,3,LL,386,Inf,FALSE
2017-05-08,ETHOSCOPE_040,7,F,10,3,LL,387,Inf,FALSE
2017-05-08,ETHOSCOPE_040,8,F,0,3,LL,388,Inf,FALSE
2017-05-08,ETHOSCOPE_040,9,F,10,3,LL,389,Inf,FALSE
2017-05-08,ETHOSCOPE_040,10,F,0,3,LL,390,Inf,FALSE
2017-05-08,ETHOSCOPE_040,11,F,0,3,LL,391,Inf,FALSE
2017-05-08,ETHOSCOPE_040,12,F,10,3,LL,392,Inf,FALSE
2017-05-08,ETHOSCOPE_040,13,F,0,3,LL,393,Inf,FALSE
2017-05-08,ETHOSCOPE_040,14,F,10,3,LL,394,Inf,FALSE
2017-05-08,ETHOSCOPE_040,15,F,0,3,LL,395,Inf,FALSE
2017-05-08,ETHOSCOPE_040,16,F,10,3,LL,396,Inf,FALSE
2017-05-08,ETHOSCOPE_040,17,F,0,3,LL,397,Inf,FALSE
2017-05-08,ETHOSCOPE_040,18,F,10,3,LL,398,Inf,FALSE
2017-05-08,ETHOSCOPE_040,19,F,0,3,LL,399,Inf,FALSE
2017-05-08,ETHOSCOPE_040,20,F,10,3,LL,400,Inf,FALSE
2017-05-08,ETHOSCOPE_052,1,M,10,3,OK,401,Inf,FALSE
2017-05-08,ETHOSCOPE_052,2,M,0,3,OK,402,Inf,FALSE
2017-05-08,ETHOSCOPE_052,3,M,10,3,OK,403,Inf,FALSE
2017-05-08,ETHOSCOPE_052,4,M,0,3,OK,404,Inf,FALSE
2017-05-08,ETHOSCOPE_052,5,M,10,3,OK,405,Inf,FALSE
2017-05-08,ETHOSCOPE_052,6,M,0,3,OK,406,Inf,FALSE
2017-05-08,ETHOSCOPE_052,7,M,10,3,OK,407,Inf,FALSE
2017-05-08,ETHOSCOPE_052,8,M,0,3,OK,408,Inf,FALSE
2017-05-08,ETHOSCOPE_052,9,M,10,3,OK,409,Inf,FALSE
2017-05-08,ETHOSCOPE_052,10,M,0,3,OK,410,Inf,FALSE
2017-05-08,ETHOSCOPE_052,11,M,0,3,OK,411,Inf,FALSE
2017-05-08,ETHOSCOPE_052,12,M,10,3,OK,412,Inf,FALSE
2017-05-08,ETHOSCOPE_052,13,M,0,3,OK,413,Inf,FALSE
2017-05-08,ETHOSCOPE_052,14,M,10,3,OK,414,Inf,FALSE
2017-05-08,ETHOSCOPE_052,15,M,0,3,OK,415,Inf,FALSE
2017-05-08,ETHOSCOPE_052,16,M,10,3,OK,416,Inf,FALSE
2017-05-08,ETHOSCOPE_052,17,M,0,3,OK,417,Inf,FALSE
2017-05-08,ETHOSCOPE_052,18,M,10,3,OK,418,Inf,FALSE
2017-05-08,ETHOSCOPE_052,19,M,0,3,OK,419,Inf,FALSE
2017-05-08,ETHOSCOPE_052,20,M,10,3,OK,420,Inf,FALSE
2017-05-08,ETHOSCOPE_062,1,F,10,3,OK,421,Inf,FALSE
2017-05-08,ETHOSCOPE_062,2,F,0,3,OK,422,Inf,FALSE
2017-05-08,ETHOSCOPE_062,3,F,10,3,OK,423,Inf,FALSE
2017-05-08,ETHOSCOPE_062,4,F,0,3,OK,424,Inf,FALSE
2017-05-08,ETHOSCOPE_062,5,F,10,3,OK,425,Inf,FALSE
2017-05-08,ETHOSCOPE_062,6,F,0,3,OK,426,Inf,FALSE
2017-05-08,ETHOSCOPE_062,7,F,10,3,OK,427,Inf,FALSE
2017-05-08,ETHOSCOPE_062,8,F,0,3,OK,428,Inf,FALSE
2017-05-08,ETHOSCOPE_062,9,F,10,3,OK,429,Inf,FALSE
2017-05-08,ETHOSCOPE_062,10,F,0,3,OK,430,Inf,FALSE
2017-05-08,ETHOSCOPE_062,11,F,0,3,OK,431,Inf,FALSE
2017-05-08,ETHOSCOPE_062,12,F,10,3,OK,432,Inf,FALSE
2017-05-08,ETHOSCOPE_062,13,F,0,3,OK,433,Inf,FALSE
2017-05-08,ETHOSCOPE_062,14,F,10,3,OK,434,Inf,FALSE
2017-05-08,ETHOSCOPE_062,15,F,0,3,OK,435,Inf,FALSE
2017-05-08,ETHOSCOPE_062,16,F,10,3,OK,436,Inf,FALSE
2017-05-08,ETHOSCOPE_062,17,F,0,3,OK,437,Inf,FALSE
2017-05-08,ETHOSCOPE_062,18,F,10,3,OK,438,Inf,FALSE
2017-05-08,ETHOSCOPE_062,19,F,0,3,OK,439,Inf,FALSE
2017-05-08,ETHOSCOPE_062,20,F,10,3,OK,440,Inf,FALSE
2017-05-08,ETHOSCOPE_046,1,M,10,3,LL,441,Inf,FALSE
2017-05-08,ETHOSCOPE_046,2,M,0,3,LL,442,Inf,FALSE
2017-05-08,ETHOSCOPE_046,3,M,10,3,LL,443,Inf,FALSE
2017-05-08,ETHOSCOPE_046,4,M,0,3,LL,444,Inf,FALSE
2017-05-08,ETHOSCOPE_046,5,M,10,3,LL,445,Inf,FALSE
2017-05-08,ETHOSCOPE_046,6,M,0,3,LL,446,Inf,FALSE
2017-05-08,ETHOSCOPE_046,7,M,10,3,LL,447,Inf,FALSE
2017-05-08,ETHOSCOPE_046,8,M,0,3,LL,448,Inf,FALSE
2017-05-08,ETHOSCOPE_046,9,M,10,3,LL,449,Inf,FALSE
2017-05-08,ETHOSCOPE_046,10,M,0,3,LL,450,Inf,FALSE
2017-05-08,ETHOSCOPE_046,11,M,0,3,LL,451,Inf,FALSE
2017-05-08,ETHOSCOPE_046,12,M,10,3,LL,452,Inf,FALSE
2017-05-08,ETHOSCOPE_046,13,M,0,3,LL,453,Inf,FALSE
2017-05-08,ETHOSCOPE_046,14,M,10,3,LL,454,Inf,FALSE
2017-05-08,ETHOSCOPE_046,15,M,0,3,LL,455,Inf,FALSE
2017-05-08,ETHOSCOPE_046,16,M,10,3,LL,456,Inf,FALSE
2017-05-08,ETHOSCOPE_046,17,M,0,3,LL,457,Inf,FALSE
2017-05-08,ETHOSCOPE_046,18,M,10,3,LL,458,Inf,FALSE
2017-05-08,ETHOSCOPE_046,19,M,0,3,LL,459,Inf,FALSE
2017-05-08,ETHOSCOPE_046,20,M,10,3,LL,460,Inf,FALSE
2017-05-08,ETHOSCOPE_053,1,F,10,3,LL,461,Inf,FALSE
2017-05-08,ETHOSCOPE_053,2,F,0,3,LL,462,Inf,FALSE
2017-05-08,ETHOSCOPE_053,3,F,10,3,LL,463,Inf,FALSE
2017-05-08,ETHOSCOPE_053,4,F,0,3,LL,464,Inf,FALSE
2017-05-08,ETHOSCOPE_053,5,F,10,3,LL,465,Inf,FALSE
2017-05-08,ETHOSCOPE_053,6,F,0,3,LL,466,Inf,FALSE
2017-05-08,ETHOSCOPE_053,7,F,10,3,LL,467,Inf,FALSE
2017-05-08,ETHOSCOPE_053,8,F,0,3,LL,468,Inf,FALSE
2017-05-08,ETHOSCOPE_053,9,F,10,3,LL,469,Inf,FALSE
2017-05-08,ETHOSCOPE_053,10,F,0,3,LL,470,Inf,FALSE
2017-05-08,ETHOSCOPE_053,11,F,0,3,LL,471,Inf,FALSE
2017-05-08,ETHOSCOPE_053,12,F,10,3,LL,472,Inf,FALSE
2017-05-08,ETHOSCOPE_053,13,F,0,3,LL,473,Inf,FALSE
2017-05-08,ETHOSCOPE_053,14,F,10,3,LL,474,Inf,FALSE
2017-05-08,ETHOSCOPE_053,15,F,0,3,LL,475,Inf,FALSE
2017-05-08,ETHOSCOPE_053,16,F,10,3,LL,476,Inf,FALSE
2017-05-08,ETHOSCOPE_053,17,F,0,3,LL,477,Inf,FALSE
2017-05-08,ETHOSCOPE_053,18,F,10,3,LL,478,Inf,FALSE
2017-05-08,ETHOSCOPE_053,19,F,0,3,LL,479,Inf,FALSE
2017-05-08,ETHOSCOPE_053,20,F,10,3,LL,480,Inf,FALSE
